{"scope.version":"2","timeline.animationMode":"proMode","viewport.width":300,"viewport.height":250,"library.openDirectories":[],"library.GroupsPath":{},"library.downloadedAssets":{},"ruler.guides.show":false,"timeline.loopPreview":true,"publish.local.flatten":true,"publish.local.minify":true,"publish.local.inlineFiles":true,"publish.local.createZip":true,"publish.local.politeLoad":true,"publish.local.exportMozilla":true,"publish.local.exportWebkit":true,"publish.local.unpackGroups":true,"publish.local.borderColor":"rgba(0,0,0,1)","publish.local.addBorder":false,"publish.local.location":"/Volumes/GoogleDrive/Shared drives/Figtree Hill/04 Digital Ad/Digital/_GoogleWebDesigner/_Export","publish.local.name":"Mrec_300x250_v4"}